<?xml version="1.0" encoding="UTF-8" standalone="yes"?>
<addon id="plugin.program.spacemonkeylite" name="[B][COLOR deeppink]SPACE[COLOR aqua]MONKEY[COLOR white]-LITE[/B][/COLOR]" version="1.0" provider-name="[B][COLOR deeppink]SPACE[COLOR aqua]MONKEY[COLOR white]-LITE[/B][/COLOR]">
  <requires>
    <import addon="xbmc.python" version="2.1.0"/>
  </requires>
  <extension point="xbmc.python.pluginsource" library="default.py">
        <provides>executable</provides>
  </extension>
  <extension point="xbmc.addon.metadata">
    <summary lang="en">[B][COLOR deeppink]SPACE[COLOR aqua]MONKEY[COLOR white]-LITE[/B][/COLOR]</summary>
    <description lang="en">Wizard de spacemonkey-team [B][COLOR deeppink]SPACE[COLOR aqua]MONKEY[COLOR white]-LITE[/B][/COLOR]
</description>
    <platform>all</platform>
  </extension>
</addon>
